id,evaluation_date,year,phase,student_idil,first_name,last_name,gender,date_of_birth,age_at_evaluation,class,school_name,city,neighborhood,special_education_status,iep_exists,main_disability,secondary_disability,current_programs,years_in_programs,socioeconomic_status,number_of_siblings,social_competence_1,social_competence_2,social_competence_3,emotional_regulation_1,emotional_regulation_2,emotional_regulation_3,learning_motivation_1,learning_motivation_2,learning_motivation_3,cognitive_skills_1,cognitive_skills_2,cognitive_skills_3,additional_comments,evaluator_name,evaluator_role,full_name
de4a45cc-2d70-4adc-81f5-81421353fa0b,2021-09-23 00:00:00,2021,3,1113,לוסי,ואן פלט,בת,2012-03-15,9,א,בית ספר יסודי כרמל,חיפה,מערב,true,true,אוטיזם ברמה נמוכה,,"[""חוג רובוטיקה"", ""קבוצת כישורים חברתיים"", ""סדנת אמנות טיפולית""]",0,3,2,2,1,2,3,3,3,3,1,2,2,2,3,זקוק לתמיכה נוספת בתחום החברתי,מיכל דוד,מחנכת,לוסי ואן פלט
f5fa0e69-ce85-4857-a992-d8aae47b7ca5,2022-09-25 00:00:00,2022,3,1113,לוסי,ואן פלט,בת,2012-03-15,10,א,בית ספר יסודי כרמל,חיפה,מרכז,true,true,אוטיזם ברמה נמוכה,,"[""חוג רובוטיקה"", ""קבוצת כישורים חברתיים"", ""סדנת אמנות טיפולית""]",0,4,2,3,3,1,1,2,1,3,1,2,1,2,1,משתתף באופן פעיל בכיתה,רחל כהן,מורה לחינוך מיוחד,לוסי ואן פלט
d26435d8-78a3-412b-8f4f-f5de9f1ef924,2023-09-01 00:00:00,2023,3,1113,לוסי,ואן פלט,בת,2012-03-15,11,א,בית ספר יסודי שקד,חיפה,מזרח,true,true,אוטיזם ברמה נמוכה,,"[""חוג רובוטיקה"", ""קבוצת כישורים חברתיים"", ""סדנת אמנות טיפולית""]",1,9,4,2,4,3,2,4,3,3,3,3,4,3,3,זקוק לתמיכה נוספת בתחום החברתי,רחל כהן,מחנכת,לוסי ואן פלט
b5331358-8c79-4573-9ae9-750a844a84e8,2024-09-21 00:00:00,2024,4,1113,לוסי,ואן פלט,בת,2012-03-15,12,א,בית ספר יסודי אופק,חיפה,דרום,true,true,אוטיזם ברמה נמוכה,,"[""חוג רובוטיקה"", ""קבוצת כישורים חברתיים"", ""סדנת אמנות טיפולית""]",2,2,1,3,3,5,5,5,3,4,3,3,5,3,3,מגלה יכולות מנהיגות,יוסי אברהם,יועץ חינוכי,לוסי ואן פלט
3eddf424-f6ed-4208-93c4-904ce7c6d00b,2021-09-20 00:00:00,2021,3,1114,שרדר,בטהובן,בן,2013-06-30,8,א,בית ספר יסודי ברושים,ירושלים,מערב,true,false,לקות למידה,קשיי התנהגות,"[""סדנת אמנות טיפולית"", ""תגבור מתמטיקה"", ""תוכנית מנהיגות צעירה""]",1,4,4,2,3,1,3,3,2,2,3,1,1,3,3,משתתף באופן פעיל בכיתה,דנה שרון,מחנכת,שרדר בטהובן
7ef8d948-82b9-4d1a-902d-e3db4a633651,2022-10-26 00:00:00,2022,2,1114,שרדר,בטהובן,בן,2013-06-30,9,א,בית ספר יסודי שקד,ירושלים,מזרח,true,false,לקות למידה,קשיי התנהגות,"[""סדנת אמנות טיפולית"", ""תגבור מתמטיקה"", ""תוכנית מנהיגות צעירה""]",2,6,1,1,2,3,1,3,3,3,2,1,1,3,2,זקוק לתמיכה נוספת בתחום החברתי,יוסי אברהם,מורה לחינוך מיוחד,שרדר בטהובן
e645d415-8d0b-41f1-a049-d5f319a7e764,2023-10-26 00:00:00,2023,2,1114,שרדר,בטהובן,בן,2013-06-30,10,א,בית ספר יסודי ברושים,ירושלים,מזרח,true,false,לקות למידה,קשיי התנהגות,"[""סדנת אמנות טיפולית"", ""תגבור מתמטיקה"", ""תוכנית מנהיגות צעירה""]",2,1,0,3,2,2,2,3,3,3,4,4,4,2,3,מגלה יכולות מנהיגות,משה לוי,יועץ חינוכי,שרדר בטהובן
20bd0525-ea9a-49f9-baba-44c65d942e53,2024-10-10 00:00:00,2024,2,1114,שרדר,בטהובן,בן,2013-06-30,11,א,בית ספר יסודי שקד,ירושלים,דרום,true,false,לקות למידה,קשיי התנהגות,"[""סדנת אמנות טיפולית"", ""תגבור מתמטיקה"", ""תוכנית מנהיגות צעירה""]",3,7,0,3,5,4,3,5,5,4,3,4,5,4,3,מתקשה בעבודה קבוצתית,מיכל דוד,מחנכת,שרדר בטהובן
c19237dd-88cc-4fcc-8073-8dddef755a0f,2021-10-04 00:00:00,2021,1,1118,ויולט,גריי,בת,2012-04-14,9,א,בית ספר יסודי שקד,נתניה,מזרח,true,true,אוטיזם ברמה נמוכה,,"[""קבוצת קריאה מתקדמת"", ""תוכנית מנהיגות צעירה""]",1,9,2,2,3,2,3,2,2,1,1,3,2,2,2,זקוק לתמיכה נוספת בתחום החברתי,מיכל דוד,מחנכת,ויולט גריי
f13e86e0-c1ba-4931-9821-0ca1b389f5db,2022-09-20 00:00:00,2022,2,1118,ויולט,גריי,בת,2012-04-14,10,א,בית ספר יסודי כרמל,נתניה,דרום,true,true,אוטיזם ברמה נמוכה,,"[""קבוצת קריאה מתקדמת"", ""תוכנית מנהיגות צעירה""]",2,9,1,1,1,2,3,2,1,3,1,2,2,1,2,זקוק לתמיכה נוספת בתחום החברתי,משה לוי,מחנכת,ויולט גריי
11e68217-1ae0-46be-ab19-bf0a5782e50e,2023-10-28 00:00:00,2023,3,1118,ויולט,גריי,בת,2012-04-14,11,א,בית ספר יסודי אופק,נתניה,מזרח,true,true,אוטיזם ברמה נמוכה,,"[""קבוצת קריאה מתקדמת"", ""תוכנית מנהיגות צעירה""]",2,10,3,3,3,2,2,4,2,2,4,4,2,2,2,מתקדם באופן עקבי בכל התחומים,משה לוי,מחנכת,ויולט גריי
b8942971-6d0b-4541-bf17-45d143d7b09a,2024-10-22 00:00:00,2024,1,1118,ויולט,גריי,בת,2012-04-14,12,א,בית ספר יסודי אופק,נתניה,מזרח,true,true,אוטיזם ברמה נמוכה,,"[""קבוצת קריאה מתקדמת"", ""תוכנית מנהיגות צעירה""]",2,3,2,3,3,5,3,3,5,3,4,5,5,4,3,זקוק לתמיכה נוספת בתחום החברתי,דנה שרון,פסיכולוגית בית הספר,ויולט גריי
c35134c5-8c74-45ca-905b-992a3ab9ade8,2021-09-18 00:00:00,2021,2,1119,שרלין,בראון,בת,2017-12-01,4,א,בית ספר יסודי ברושים,תל אביב,מערב,true,true,חרדה,,"[""סדנת אמנות טיפולית""]",0,9,0,2,2,2,3,1,2,2,1,1,3,3,1,מראה שיפור משמעותי במוטיבציה ללמידה,יוסי אברהם,מחנכת,שרלין בראון
ff2c8129-056d-4054-a0a6-e610da14b7a9,2022-09-26 00:00:00,2022,4,1119,שרלין,בראון,בת,2017-12-01,5,א,בית ספר יסודי ברושים,תל אביב,צפון,true,true,חרדה,,"[""סדנת אמנות טיפולית""]",0,5,2,3,2,3,2,3,1,3,1,2,1,1,1,מתקשה בעבודה קבוצתית,רחל כהן,פסיכולוגית בית הספר,שרלין בראון
75017cde-7f8e-4683-9d0b-f14b60fb4664,2023-10-23 00:00:00,2023,1,1119,שרלין,בראון,בת,2017-12-01,6,א,בית ספר יסודי רימון,תל אביב,מרכז,true,true,חרדה,,"[""סדנת אמנות טיפולית""]",1,9,1,3,4,2,2,2,4,2,4,4,2,4,2,מתקדם באופן עקבי בכל התחומים,משה לוי,מורה לחינוך מיוחד,שרלין בראון
f89a76fd-37ac-48f7-a3ef-b4ee2c88ba9f,2024-10-12 00:00:00,2024,2,1119,שרלין,בראון,בת,2017-12-01,7,א,בית ספר יסודי כרמל,תל אביב,מזרח,true,true,חרדה,,"[""סדנת אמנות טיפולית""]",1,10,2,4,5,5,5,4,5,5,4,3,4,3,3,מתקשה בעבודה קבוצתית,רחל כהן,מחנכת,שרלין בראון
770469b1-b990-418c-8d30-edc0d0755c6a,2021-09-06 00:00:00,2021,1,2112,סטן,מארש,בן,2014-10-19,7,ג,בית ספר יסודי ברושים,חולון,צפון,false,false,,,"[""קבוצת כישורים חברתיים"", ""תגבור מתמטיקה""]",0,2,3,3,1,2,2,1,2,2,3,2,3,2,3,מגלה יכולות מנהיגות,רחל כהן,מחנכת,סטן מארש
c56a7ffd-afb7-49d7-ae2e-cb43bae63b59,2022-10-26 00:00:00,2022,1,2112,סטן,מארש,בן,2014-10-19,8,ג,בית ספר יסודי כרמל,חולון,מרכז,false,false,,,"[""קבוצת כישורים חברתיים"", ""תגבור מתמטיקה""]",1,3,1,1,1,2,1,3,1,2,3,1,2,3,2,משתתף באופן פעיל בכיתה,דנה שרון,מורה לחינוך מיוחד,סטן מארש
aa323dc4-d1df-42b8-824c-b13c141feeb5,2023-10-09 00:00:00,2023,3,2112,סטן,מארש,בן,2014-10-19,9,ג,בית ספר יסודי שקד,חולון,צפון,false,false,,,"[""קבוצת כישורים חברתיים"", ""תגבור מתמטיקה""]",2,7,4,2,4,4,4,4,2,2,4,2,4,2,2,זקוק לתמיכה נוספת בתחום החברתי,דנה שרון,מחנכת,סטן מארש
032abdbf-961c-4ef9-8f16-0e679ad49841,2024-10-18 00:00:00,2024,3,2112,סטן,מארש,בן,2014-10-19,10,ג,בית ספר יסודי כרמל,חולון,דרום,false,false,,,"[""קבוצת כישורים חברתיים"", ""תגבור מתמטיקה""]",2,4,3,3,4,4,5,3,3,4,3,3,5,3,3,זקוק לתמיכה נוספת בתחום החברתי,רחל כהן,מחנכת,סטן מארש
b7b12a52-e427-4421-8328-58144bc7f1bc,2021-10-28 00:00:00,2021,4,1115,פיגפן,פטי,בן,2012-11-30,9,א,בית ספר יסודי ברושים,באר שבע,מזרח,false,false,,,"[""קבוצת קריאה מתקדמת"", ""תגבור מתמטיקה"", ""תוכנית מנהיגות צעירה""]",0,10,1,1,1,2,1,1,2,1,1,3,3,3,3,מתקדם באופן עקבי בכל התחומים,דנה שרון,יועץ חינוכי,פיגפן פטי
3e6dae9b-eb68-42ea-bd14-61899455e496,2022-09-13 00:00:00,2022,1,1115,פיגפן,פטי,בן,2012-11-30,10,א,בית ספר יסודי ברושים,באר שבע,מערב,false,false,,,"[""קבוצת קריאה מתקדמת"", ""תגבור מתמטיקה"", ""תוכנית מנהיגות צעירה""]",1,2,1,2,3,1,2,3,3,3,3,3,3,2,3,זקוק לתמיכה נוספת בתחום החברתי,יוסי אברהם,מחנכת,פיגפן פטי
0fcd1c2d-c471-4d6c-a499-7680178720d9,2023-09-01 00:00:00,2023,1,1115,פיגפן,פטי,בן,2012-11-30,11,א,בית ספר יסודי כרמל,באר שבע,מערב,false,false,,,"[""קבוצת קריאה מתקדמת"", ""תגבור מתמטיקה"", ""תוכנית מנהיגות צעירה""]",1,8,3,2,4,2,2,3,4,2,3,4,2,4,2,מראה שיפור משמעותי במוטיבציה ללמידה,יוסי אברהם,מחנכת,פיגפן פטי
71a49182-207c-4e7c-83e1-cdbe27779a45,2024-09-04 00:00:00,2024,1,1115,פיגפן,פטי,בן,2012-11-30,12,א,בית ספר יסודי רימון,באר שבע,מערב,false,false,,,"[""קבוצת קריאה מתקדמת"", ""תגבור מתמטיקה"", ""תוכנית מנהיגות צעירה""]",2,4,2,5,3,4,4,3,4,3,5,4,3,4,3,מגלה יכולות מנהיגות,דנה שרון,פסיכולוגית בית הספר,פיגפן פטי
8a63f1d7-86d6-4f8f-9cb2-899e9e0e6e5d,2021-09-26 00:00:00,2021,3,1116,סאלי,בראון,בת,2015-05-26,6,א,בית ספר יסודי שקד,תל אביב,מרכז,false,false,,,"[""סדנת אמנות טיפולית""]",0,2,1,1,1,1,2,1,2,3,3,3,3,3,3,מתקשה בעבודה קבוצתית,מיכל דוד,מחנכת,סאלי בראון
3d89c756-8fc5-42ee-8e0b-c41f7e7c0eee,2022-10-17 00:00:00,2022,2,1116,סאלי,בראון,בת,2015-05-26,7,א,בית ספר יסודי אופק,תל אביב,דרום,false,false,,,"[""סדנת אמנות טיפולית""]",1,9,2,1,2,3,2,1,2,3,2,1,3,2,2,מגלה יכולות מנהיגות,יוסי אברהם,יועץ חינוכי,סאלי בראון
480c5f63-fbe1-44cd-9ebf-ec4c3318ea80,2023-09-26 00:00:00,2023,4,1116,סאלי,בראון,בת,2015-05-26,8,א,בית ספר יסודי אופק,תל אביב,צפון,false,false,,,"[""סדנת אמנות טיפולית""]",1,9,2,4,4,2,3,3,4,4,3,4,4,2,2,משתתף באופן פעיל בכיתה,יוסי אברהם,מחנכת,סאלי בראון
d12b4301-48ab-48ca-a053-e4a504bf59be,2024-10-15 00:00:00,2024,3,1116,סאלי,בראון,בת,2015-05-26,9,א,בית ספר יסודי כרמל,תל אביב,מרכז,false,false,,,"[""סדנת אמנות טיפולית""]",1,3,0,4,4,3,4,5,3,3,3,3,5,3,3,זקוק לתמיכה נוספת בתחום החברתי,רחל כהן,פסיכולוגית בית הספר,סאלי בראון
d6684a1c-0357-4bda-b202-c47e57220af9,2021-09-16 00:00:00,2021,1,1117,מארגרט,ריבה,בת,2016-08-04,5,א,בית ספר יסודי כרמל,רמת גן,מערב,false,false,,,"[""תגבור מתמטיקה""]",0,3,4,1,3,2,2,2,1,3,1,3,3,2,3,מתקשה בעבודה קבוצתית,מיכל דוד,מורה לחינוך מיוחד,מארגרט ריבה
8f6b57d1-0ae8-4dad-9248-b1d0da66091a,2022-10-29 00:00:00,2022,1,1117,מארגרט,ריבה,בת,2016-08-04,6,א,בית ספר יסודי שקד,רמת גן,צפון,false,false,,,"[""תגבור מתמטיקה""]",0,6,4,3,3,1,3,1,3,2,2,2,1,1,1,זקוק לתמיכה נוספת בתחום החברתי,מיכל דוד,פסיכולוגית בית הספר,מארגרט ריבה
ce83be36-5efa-460c-a7b1-efda8db9ab12,2023-10-21 00:00:00,2023,1,1117,מארגרט,ריבה,בת,2016-08-04,7,א,בית ספר יסודי אופק,רמת גן,מרכז,false,false,,,"[""תגבור מתמטיקה""]",1,8,2,3,4,4,4,2,4,3,4,4,2,4,3,מראה שיפור משמעותי במוטיבציה ללמידה,דנה שרון,מחנכת,מארגרט ריבה
d91f9d04-eba2-4103-b431-4a8f1db2ac39,2024-10-14 00:00:00,2024,1,1117,מארגרט,ריבה,בת,2016-08-04,8,א,בית ספר יסודי כרמל,רמת גן,מערב,false,false,,,"[""תגבור מתמטיקה""]",1,1,1,3,4,5,4,3,3,4,3,5,5,5,3,משתתף באופן פעיל בכיתה,משה לוי,יועץ חינוכי,מארגרט ריבה
2da51c5c-a5c9-4772-98f9-eebfb62e2c88,2021-09-09 00:00:00,2021,2,2111,אריק,קרטמן,בן,2014-07-01,7,ג,בית ספר יסודי שקד,אשדוד,מערב,true,true,ADHD,קשיי התנהגות,"[""קבוצת קריאה מתקדמת"", ""תגבור מתמטיקה"", ""תוכנית מנהיגות צעירה""]",1,10,3,3,2,3,3,3,3,3,2,3,3,2,2,זקוק לתמיכה נוספת בתחום החברתי,יוסי אברהם,מחנכת,אריק קרטמן
47395c81-852d-4983-8973-39ca18702ff0,2022-10-11 00:00:00,2022,2,2111,אריק,קרטמן,בן,2014-07-01,8,ג,בית ספר יסודי ברושים,אשדוד,צפון,true,true,ADHD,קשיי התנהגות,"[""קבוצת קריאה מתקדמת"", ""תגבור מתמטיקה"", ""תוכנית מנהיגות צעירה""]",2,8,1,2,1,2,2,3,2,1,2,1,2,1,2,מראה שיפור משמעותי במוטיבציה ללמידה,דנה שרון,יועץ חינוכי,אריק קרטמן
5ef2f7a7-dba0-4585-adde-a1d626c6bca1,2023-10-14 00:00:00,2023,3,2111,אריק,קרטמן,בן,2014-07-01,9,ג,בית ספר יסודי אופק,אשדוד,מזרח,true,true,ADHD,קשיי התנהגות,"[""קבוצת קריאה מתקדמת"", ""תגבור מתמטיקה"", ""תוכנית מנהיגות צעירה""]",2,3,0,2,4,2,2,3,2,2,3,2,4,2,4,מגלה יכולות מנהיגות,יוסי אברהם,מורה לחינוך מיוחד,אריק קרטמן
da5d71a9-5c15-46d1-9db7-794c494c9f42,2024-10-16 00:00:00,2024,4,2111,אריק,קרטמן,בן,2014-07-01,10,ג,בית ספר יסודי כרמל,אשדוד,מערב,true,true,ADHD,קשיי התנהגות,"[""קבוצת קריאה מתקדמת"", ""תגבור מתמטיקה"", ""תוכנית מנהיגות צעירה""]",3,3,4,4,5,5,3,3,4,5,3,3,3,3,5,מראה שיפור משמעותי במוטיבציה ללמידה,רחל כהן,מחנכת,אריק קרטמן
c272397a-3692-4e15-ad31-897764803c99,2021-10-30 00:00:00,2021,4,1111,צ'ארלי,בראון,בן,2012-10-02,9,א,בית ספר יסודי כרמל,תל אביב,צפון,true,true,לקות למידה,,"[""חוג רובוטיקה"", ""קבוצת קריאה מתקדמת"", ""סדנת אמנות טיפולית""]",1,4,3,3,1,3,1,3,1,3,1,1,1,2,1,מגלה יכולות מנהיגות,מיכל דוד,פסיכולוגית בית הספר,צ'ארלי בראון
d13ff77a-4dac-4841-b8d4-9b4e86ab5ce4,2022-10-25 00:00:00,2022,3,1111,צ'ארלי,בראון,בן,2012-10-02,10,א,בית ספר יסודי שקד,תל אביב,מזרח,true,true,לקות למידה,,"[""חוג רובוטיקה"", ""קבוצת קריאה מתקדמת"", ""סדנת אמנות טיפולית""]",2,10,2,2,3,2,1,2,3,2,1,2,2,3,2,משתתף באופן פעיל בכיתה,דנה שרון,מחנכת,צ'ארלי בראון
e2a2d38a-fef3-42cf-bde2-c448722f5c2b,2023-10-23 00:00:00,2023,3,1111,צ'ארלי,בראון,בן,2012-10-02,11,א,בית ספר יסודי כרמל,תל אביב,מרכז,true,true,לקות למידה,,"[""חוג רובוטיקה"", ""קבוצת קריאה מתקדמת"", ""סדנת אמנות טיפולית""]",3,10,1,3,4,2,4,2,4,3,3,3,4,2,3,מראה שיפור משמעותי במוטיבציה ללמידה,דנה שרון,מורה לחינוך מיוחד,צ'ארלי בראון
31917122-d654-40ba-a802-a9c01c16dbb7,2024-10-19 00:00:00,2024,2,1111,צ'ארלי,בראון,בן,2012-10-02,12,א,בית ספר יסודי אופק,תל אביב,דרום,true,true,לקות למידה,,"[""חוג רובוטיקה"", ""קבוצת קריאה מתקדמת"", ""סדנת אמנות טיפולית""]",3,3,1,4,5,4,3,5,3,5,5,4,4,3,3,מתקשה בעבודה קבוצתית,יוסי אברהם,פסיכולוגית בית הספר,צ'ארלי בראון
4e8dd4cb-1544-43a9-bb97-cb54a583225b,2021-09-09 00:00:00,2021,2,1112,לינוס,ואן פלט,בן,2014-09-19,7,א,בית ספר יסודי ברושים,חיפה,מרכז,false,false,,,"[""קבוצת קריאה מתקדמת"", ""תגבור מתמטיקה""]",1,1,3,2,2,1,3,1,2,1,3,3,3,2,2,מראה שיפור משמעותי במוטיבציה ללמידה,יוסי אברהם,מחנכת,לינוס ואן פלט
d6062418-83f5-4099-b323-ebf4bc7575fa,2022-10-04 00:00:00,2022,2,1112,לינוס,ואן פלט,בן,2014-09-19,8,א,בית ספר יסודי ברושים,חיפה,צפון,false,false,,,"[""קבוצת קריאה מתקדמת"", ""תגבור מתמטיקה""]",2,6,1,1,1,2,2,2,2,2,1,2,1,1,2,זקוק לתמיכה נוספת בתחום החברתי,מיכל דוד,מחנכת,לינוס ואן פלט
df4d43c9-456f-4cec-b2a0-918168884c38,2023-09-11 00:00:00,2023,4,1112,לינוס,ואן פלט,בן,2014-09-19,9,א,בית ספר יסודי ברושים,חיפה,צפון,false,false,,,"[""קבוצת קריאה מתקדמת"", ""תגבור מתמטיקה""]",2,4,4,3,3,4,2,3,4,2,3,4,2,3,3,זקוק לתמיכה נוספת בתחום החברתי,יוסי אברהם,פסיכולוגית בית הספר,לינוס ואן פלט
af6cb773-88d7-4f20-825f-255feb57be49,2024-09-25 00:00:00,2024,1,1112,לינוס,ואן פלט,בן,2014-09-19,10,א,בית ספר יסודי כרמל,חיפה,מרכז,false,false,,,"[""קבוצת קריאה מתקדמת"", ""תגבור מתמטיקה""]",2,2,4,3,4,4,5,4,5,3,5,4,4,4,5,מתקדם באופן עקבי בכל התחומים,רחל כהן,מורה לחינוך מיוחד,לינוס ואן פלט
4584461e-b350-4d73-bcab-fe1973019544,2021-10-12 00:00:00,2021,1,2114,קני,מק'קורמיק,בן,2012-03-22,9,ג,בית ספר יסודי כרמל,אשדוד,צפון,true,true,ADHD,,"[""קבוצת קריאה מתקדמת"", ""סדנת אמנות טיפולית"", ""תגבור מתמטיקה""]",1,6,3,2,1,3,2,1,1,3,3,1,3,3,3,זקוק לתמיכה נוספת בתחום החברתי,דנה שרון,מחנכת,קני מק'קורמיק
996d095f-8561-4156-9b24-2a2a713d77a9,2022-10-06 00:00:00,2022,2,2114,קני,מק'קורמיק,בן,2012-03-22,10,ג,בית ספר יסודי רימון,אשדוד,מזרח,true,true,ADHD,,"[""קבוצת קריאה מתקדמת"", ""סדנת אמנות טיפולית"", ""תגבור מתמטיקה""]",2,1,4,1,3,2,2,1,3,2,3,1,3,1,2,משתתף באופן פעיל בכיתה,משה לוי,פסיכולוגית בית הספר,קני מק'קורמיק
ab68a5f2-d53f-40ba-bf5e-b94939d909fb,2023-09-05 00:00:00,2023,1,2114,קני,מק'קורמיק,בן,2012-03-22,11,ג,בית ספר יסודי רימון,אשדוד,צפון,true,true,ADHD,,"[""קבוצת קריאה מתקדמת"", ""סדנת אמנות טיפולית"", ""תגבור מתמטיקה""]",2,3,0,4,3,4,4,3,3,3,4,4,4,2,3,מתקשה בעבודה קבוצתית,רחל כהן,פסיכולוגית בית הספר,קני מק'קורמיק
6cc54db7-1d7a-495c-9709-1217d70f1583,2024-10-30 00:00:00,2024,4,2114,קני,מק'קורמיק,בן,2012-03-22,12,ג,בית ספר יסודי כרמל,אשדוד,מערב,true,true,ADHD,,"[""קבוצת קריאה מתקדמת"", ""סדנת אמנות טיפולית"", ""תגבור מתמטיקה""]",2,5,3,5,4,3,4,3,5,5,3,5,4,5,5,מגלה יכולות מנהיגות,יוסי אברהם,מחנכת,קני מק'קורמיק
9a3c6085-46dc-4d50-a49b-3b82533df0ed,2021-09-05 00:00:00,2021,1,2115,באטרס,סטוץ',בן,2012-09-11,9,ג,בית ספר יסודי ברושים,אשדוד,מזרח,true,true,אוטיזם ברמה נמוכה,דיסלקציה,"[""קבוצת כישורים חברתיים""]",1,1,1,3,3,3,2,2,3,1,3,2,1,3,1,מראה שיפור משמעותי במוטיבציה ללמידה,רחל כהן,פסיכולוגית בית הספר,באטרס סטוץ'
96c9c126-5f86-44d1-b04c-8311ac5026f9,2022-10-22 00:00:00,2022,2,2115,באטרס,סטוץ',בן,2012-09-11,10,ג,בית ספר יסודי ברושים,אשדוד,צפון,true,true,אוטיזם ברמה נמוכה,דיסלקציה,"[""קבוצת כישורים חברתיים""]",1,9,1,2,3,2,1,3,1,3,1,2,3,3,2,מגלה יכולות מנהיגות,רחל כהן,יועץ חינוכי,באטרס סטוץ'
ad4e566f-bdea-4228-a934-2f10e091e004,2023-09-08 00:00:00,2023,2,2115,באטרס,סטוץ',בן,2012-09-11,11,ג,בית ספר יסודי שקד,אשדוד,מערב,true,true,אוטיזם ברמה נמוכה,דיסלקציה,"[""קבוצת כישורים חברתיים""]",1,10,2,2,3,3,4,4,3,4,2,4,4,2,3,מראה שיפור משמעותי במוטיבציה ללמידה,משה לוי,מורה לחינוך מיוחד,באטרס סטוץ'
a42305f6-dfb7-4ba7-898e-be45b5bf76ac,2024-10-25 00:00:00,2024,1,2115,באטרס,סטוץ',בן,2012-09-11,12,ג,בית ספר יסודי שקד,אשדוד,דרום,true,true,אוטיזם ברמה נמוכה,דיסלקציה,"[""קבוצת כישורים חברתיים""]",1,5,1,4,4,4,4,5,5,3,4,3,3,4,4,זקוק לתמיכה נוספת בתחום החברתי,רחל כהן,יועץ חינוכי,באטרס סטוץ'
3f09f9e2-df13-41c9-8def-3dcab3913927,2021-09-14 00:00:00,2021,2,2116,וונדי,טסטבורגר,בן,2012-04-10,9,ג,בית ספר יסודי שקד,אשדוד,דרום,true,true,חרדה,,"[""קבוצת כישורים חברתיים"", ""קבוצת קריאה מתקדמת"", ""תגבור מתמטיקה""]",1,10,1,1,2,2,2,1,2,2,2,1,1,1,1,זקוק לתמיכה נוספת בתחום החברתי,יוסי אברהם,מחנכת,וונדי טסטבורגר
76479329-e0a5-4a26-8037-f8637083f99f,2022-10-09 00:00:00,2022,3,2116,וונדי,טסטבורגר,בן,2012-04-10,10,ג,בית ספר יסודי אופק,אשדוד,צפון,true,true,חרדה,,"[""קבוצת כישורים חברתיים"", ""קבוצת קריאה מתקדמת"", ""תגבור מתמטיקה""]",2,5,3,3,3,2,3,1,3,1,3,1,2,1,3,זקוק לתמיכה נוספת בתחום החברתי,מיכל דוד,יועץ חינוכי,וונדי טסטבורגר
5fcca480-632e-426c-8e0e-29709b8c4436,2023-10-17 00:00:00,2023,2,2116,וונדי,טסטבורגר,בן,2012-04-10,11,ג,בית ספר יסודי ברושים,אשדוד,מזרח,true,true,חרדה,,"[""קבוצת כישורים חברתיים"", ""קבוצת קריאה מתקדמת"", ""תגבור מתמטיקה""]",3,7,1,3,4,4,4,4,3,4,2,3,2,2,3,זקוק לתמיכה נוספת בתחום החברתי,מיכל דוד,יועץ חינוכי,וונדי טסטבורגר
e16befe1-31d7-40ce-8ad5-49fc8560485a,2024-10-30 00:00:00,2024,1,2116,וונדי,טסטבורגר,בן,2012-04-10,12,ג,בית ספר יסודי רימון,אשדוד,צפון,true,true,חרדה,,"[""קבוצת כישורים חברתיים"", ""קבוצת קריאה מתקדמת"", ""תגבור מתמטיקה""]",3,8,2,3,3,4,5,3,4,3,5,3,4,5,5,מגלה יכולות מנהיגות,משה לוי,מחנכת,וונדי טסטבורגר
7d6ff7df-4070-41e1-8501-480a9c2674fd,2021-09-12 00:00:00,2021,2,2113,קייל,ברופלובסקי,בן,2012-05-26,9,ג,בית ספר יסודי ברושים,אשדוד,מרכז,false,false,,,"[""קבוצת כישורים חברתיים"", ""סדנת אמנות טיפולית""]",0,5,0,1,3,1,2,1,1,1,3,2,3,1,3,מתקשה בעבודה קבוצתית,משה לוי,מורה לחינוך מיוחד,קייל ברופלובסקי
d9d5ac29-6954-4703-b8ef-77982ba9c39d,2022-10-22 00:00:00,2022,1,2113,קייל,ברופלובסקי,בן,2012-05-26,10,ג,בית ספר יסודי שקד,אשדוד,צפון,false,false,,,"[""קבוצת כישורים חברתיים"", ""סדנת אמנות טיפולית""]",1,1,3,3,3,2,2,1,2,3,1,3,3,2,1,מתקשה בעבודה קבוצתית,מיכל דוד,מורה לחינוך מיוחד,קייל ברופלובסקי
125edf7d-6dbe-4b95-b10b-d7b6b6836296,2023-09-05 00:00:00,2023,3,2113,קייל,ברופלובסקי,בן,2012-05-26,11,ג,בית ספר יסודי אופק,אשדוד,דרום,false,false,,,"[""קבוצת כישורים חברתיים"", ""סדנת אמנות טיפולית""]",2,10,1,2,4,4,3,4,4,2,2,4,2,4,3,מראה שיפור משמעותי במוטיבציה ללמידה,מיכל דוד,מחנכת,קייל ברופלובסקי
e4cc583d-7963-4e43-8b07-eefbe527747e,2024-10-15 00:00:00,2024,1,2113,קייל,ברופלובסקי,בן,2012-05-26,12,ג,בית ספר יסודי שקד,אשדוד,דרום,false,false,,,"[""קבוצת כישורים חברתיים"", ""סדנת אמנות טיפולית""]",2,5,3,3,3,4,5,4,5,5,4,5,4,4,4,משתתף באופן פעיל בכיתה,דנה שרון,מחנכת,קייל ברופלובסקי
f696a6cc-1d62-4c74-8fed-31b117963b05,2021-09-09 00:00:00,2021,4,2118,טימי,ברץ',בן,2012-07-15,9,ג,בית ספר יסודי רימון,אשדוד,דרום,true,true,ADHD,קשיי התנהגות,"[""סדנת אמנות טיפולית""]",1,4,2,3,3,1,3,2,2,1,2,1,3,3,1,משתתף באופן פעיל בכיתה,דנה שרון,יועץ חינוכי,טימי ברץ'
b3a01ad9-0abf-4164-8540-41c19a65dfe0,2022-10-03 00:00:00,2022,4,2118,טימי,ברץ',בן,2012-07-15,10,ג,בית ספר יסודי ברושים,אשדוד,צפון,true,true,ADHD,קשיי התנהגות,"[""סדנת אמנות טיפולית""]",1,10,0,2,1,2,1,1,1,2,2,1,1,3,3,מגלה יכולות מנהיגות,מיכל דוד,מחנכת,טימי ברץ'
e5181c01-1a8c-497e-8ff2-6ebaa14b31a8,2023-09-02 00:00:00,2023,2,2118,טימי,ברץ',בן,2012-07-15,11,ג,בית ספר יסודי אופק,אשדוד,מרכז,true,true,ADHD,קשיי התנהגות,"[""סדנת אמנות טיפולית""]",1,4,4,3,2,3,4,3,4,3,3,2,4,4,3,מראה שיפור משמעותי במוטיבציה ללמידה,יוסי אברהם,מורה לחינוך מיוחד,טימי ברץ'
7bf2e40d-c379-48a1-9ff1-7a4bb035ee67,2024-09-10 00:00:00,2024,2,2118,טימי,ברץ',בן,2012-07-15,12,ג,בית ספר יסודי רימון,אשדוד,מזרח,true,true,ADHD,קשיי התנהגות,"[""סדנת אמנות טיפולית""]",1,2,0,5,5,4,5,3,4,3,4,3,3,5,3,מתקדם באופן עקבי בכל התחומים,משה לוי,מורה לחינוך מיוחד,טימי ברץ'
